{
 "version":3,
 "baseUrl":"support/slwebview_files",
 "homeHid":1,
 "sections":[
  {
   "hid":1,
   "sid":"plant_model_fbl",
   "name":"plant_model_fbl",
   "fullname":"plant_model_fbl",
   "label":"plant_model_fbl",
   "parent":0,
   "descendantIDs":[
   ],
   "descendantsURL":"support/slwebview_files/plant_model_fbl_diagrams_1.json",
   "sysViewURL":"support/slwebview_files/plant_model_fbl_p.json"
  }
 ],
 "optViews":[
 ],
 "display":{
  "informer":false,
  "notes":false
 },
 "iconsUrl":"support/slwebview_files/icon.css"
}