[
 {
  "hid":1,
  "sid":"plant_model_fbl",
  "rsid":"plant_model_fbl",
  "esid":"",
  "parent":0,
  "children":[
  ],
  "name":"plant_model_fbl",
  "fullname":"plant_model_fbl",
  "label":"plant_model_fbl",
  "className":"Simulink.BlockDiagram",
  "icon":"SimulinkModelIcon_icon",
  "svg":"support/slwebview_files/plant_model_fbl_d.svg",
  "thumbnail":"support/slwebview_files/plant_model_fbl_d.png",
  "elements":[
   {
    "sid":"plant_model_fbl:37",
    "rsid":"plant_model_fbl:37",
    "name":"From",
    "label":"From",
    "className":"Simulink.From",
    "icon":"BlockIcon_icon"
   },
   {
    "sid":"plant_model_fbl:39",
    "rsid":"plant_model_fbl:39",
    "name":"From1",
    "label":"From1",
    "className":"Simulink.From",
    "icon":"BlockIcon_icon"
   },
   {
    "sid":"plant_model_fbl:41",
    "rsid":"plant_model_fbl:41",
    "name":"From2",
    "label":"From2",
    "className":"Simulink.From",
    "icon":"BlockIcon_icon"
   },
   {
    "sid":"plant_model_fbl:7",
    "rsid":"plant_model_fbl:7",
    "name":"Gain",
    "label":"Gain",
    "className":"Simulink.Gain",
    "icon":"BlockIcon_icon"
   },
   {
    "sid":"plant_model_fbl:1",
    "rsid":"plant_model_fbl:1",
    "name":"Gg(s)",
    "label":"Gg(s)",
    "className":"Simulink.TransferFcn",
    "icon":"BlockIcon_icon"
   },
   {
    "sid":"plant_model_fbl:36",
    "rsid":"plant_model_fbl:36",
    "name":"Goto",
    "label":"Goto",
    "className":"Simulink.Goto",
    "icon":"BlockIcon_icon"
   },
   {
    "sid":"plant_model_fbl:38",
    "rsid":"plant_model_fbl:38",
    "name":"Goto1",
    "label":"Goto1",
    "className":"Simulink.Goto",
    "icon":"BlockIcon_icon"
   },
   {
    "sid":"plant_model_fbl:40",
    "rsid":"plant_model_fbl:40",
    "name":"Goto2",
    "label":"Goto2",
    "className":"Simulink.Goto",
    "icon":"BlockIcon_icon"
   },
   {
    "sid":"plant_model_fbl:3",
    "rsid":"plant_model_fbl:3",
    "name":"Gp(s)",
    "label":"Gp(s)",
    "className":"Simulink.TransferFcn",
    "icon":"BlockIcon_icon"
   },
   {
    "sid":"plant_model_fbl:2",
    "rsid":"plant_model_fbl:2",
    "name":"Gt(s)",
    "label":"Gt(s)",
    "className":"Simulink.TransferFcn",
    "icon":"BlockIcon_icon"
   },
   {
    "sid":"plant_model_fbl:22",
    "rsid":"plant_model_fbl:22",
    "name":"Mux",
    "label":"Mux",
    "className":"Simulink.Mux",
    "icon":"BlockIcon_icon"
   },
   {
    "sid":"plant_model_fbl:12",
    "rsid":"plant_model_fbl:12",
    "name":"Q(s)",
    "label":"Q(s)",
    "className":"Simulink.TransferFcn",
    "icon":"BlockIcon_icon"
   },
   {
    "sid":"plant_model_fbl:18",
    "rsid":"plant_model_fbl:18",
    "name":"Scope",
    "label":"Scope",
    "className":"Simulink.Scope",
    "icon":"BlockIcon_icon"
   },
   {
    "sid":"plant_model_fbl:19",
    "rsid":"plant_model_fbl:19",
    "name":"Scope1",
    "label":"Scope1",
    "className":"Simulink.Scope",
    "icon":"BlockIcon_icon"
   },
   {
    "sid":"plant_model_fbl:20",
    "rsid":"plant_model_fbl:20",
    "name":"Scope2",
    "label":"Scope2",
    "className":"Simulink.Scope",
    "icon":"BlockIcon_icon"
   },
   {
    "sid":"plant_model_fbl:21",
    "rsid":"plant_model_fbl:21",
    "name":"Scope3",
    "label":"Scope3",
    "className":"Simulink.Scope",
    "icon":"BlockIcon_icon"
   },
   {
    "sid":"plant_model_fbl:4",
    "rsid":"plant_model_fbl:4",
    "name":"Sum",
    "label":"Sum",
    "className":"Simulink.Sum",
    "icon":"BlockIcon_icon"
   },
   {
    "sid":"plant_model_fbl:6",
    "rsid":"plant_model_fbl:6",
    "name":"Sum1",
    "label":"Sum1",
    "className":"Simulink.Sum",
    "icon":"BlockIcon_icon"
   },
   {
    "sid":"plant_model_fbl:8",
    "rsid":"plant_model_fbl:8",
    "name":"Sum2",
    "label":"Sum2",
    "className":"Simulink.Sum",
    "icon":"BlockIcon_icon"
   },
   {
    "sid":"plant_model_fbl:15",
    "rsid":"plant_model_fbl:15",
    "name":"Sum4",
    "label":"Sum4",
    "className":"Simulink.Sum",
    "icon":"BlockIcon_icon"
   },
   {
    "sid":"plant_model_fbl:30",
    "rsid":"plant_model_fbl:30",
    "name":"To Workspace",
    "label":"To Workspace",
    "className":"Simulink.ToWorkspace",
    "icon":"BlockIcon_icon"
   },
   {
    "sid":"plant_model_fbl:5",
    "rsid":"plant_model_fbl:5",
    "name":"d(t)",
    "label":"d(t)",
    "className":"Simulink.Step",
    "icon":"BlockIcon_icon"
   },
   {
    "sid":"plant_model_fbl:10",
    "rsid":"plant_model_fbl:10",
    "name":"n(t)",
    "label":"n(t)",
    "className":"Band-Limited White Noise.",
    "icon":"BlockIcon_icon"
   },
   {
    "sid":"plant_model_fbl:16",
    "rsid":"plant_model_fbl:16",
    "name":"r(t)",
    "label":"r(t)",
    "className":"Simulink.Step",
    "icon":"BlockIcon_icon"
   },
   {
    "sid":"plant_model_fbl:1#out:1;line",
    "rsid":"plant_model_fbl:1#out:1;line",
    "name":"ΔXg",
    "label":"ΔXg",
    "className":"Simulink.Line",
    "icon":"LineIcon_icon"
   },
   {
    "sid":"plant_model_fbl:2#out:1;line",
    "rsid":"plant_model_fbl:2#out:1;line",
    "name":"ΔPg",
    "label":"ΔPg",
    "className":"Simulink.Line",
    "icon":"LineIcon_icon"
   },
   {
    "sid":"plant_model_fbl:5#out:1;line",
    "rsid":"plant_model_fbl:5#out:1;line",
    "name":"ΔPd",
    "label":"ΔPd",
    "className":"Simulink.Line",
    "icon":"LineIcon_icon"
   },
   {
    "sid":"plant_model_fbl:4#out:1;line",
    "rsid":"plant_model_fbl:4#out:1;line",
    "name":"ΔP",
    "label":"ΔP",
    "className":"Simulink.Line",
    "icon":"LineIcon_icon"
   },
   {
    "sid":"plant_model_fbl:6#out:1;line",
    "rsid":"plant_model_fbl:6#out:1;line",
    "name":"",
    "label":"",
    "className":"Simulink.Line",
    "icon":"LineIcon_icon"
   },
   {
    "sid":"plant_model_fbl:3#out:1;line",
    "rsid":"plant_model_fbl:3#out:1;line",
    "name":"Δf",
    "label":"Δf",
    "className":"Simulink.Line",
    "icon":"LineIcon_icon"
   },
   {
    "sid":"plant_model_fbl:7#out:1;line",
    "rsid":"plant_model_fbl:7#out:1;line",
    "name":"",
    "label":"",
    "className":"Simulink.Line",
    "icon":"LineIcon_icon"
   },
   {
    "sid":"plant_model_fbl:15#out:1;line",
    "rsid":"plant_model_fbl:15#out:1;line",
    "name":"ΔPr",
    "label":"ΔPr",
    "className":"Simulink.Line",
    "icon":"LineIcon_icon"
   },
   {
    "sid":"plant_model_fbl:10#out:1;line",
    "rsid":"plant_model_fbl:10#out:1;line",
    "name":"Δfn",
    "label":"Δfn",
    "className":"Simulink.Line",
    "icon":"LineIcon_icon"
   },
   {
    "sid":"plant_model_fbl:8#out:1;line",
    "rsid":"plant_model_fbl:8#out:1;line",
    "name":"",
    "label":"",
    "className":"Simulink.Line",
    "icon":"LineIcon_icon"
   },
   {
    "sid":"plant_model_fbl:12#out:1;line",
    "rsid":"plant_model_fbl:12#out:1;line",
    "name":"",
    "label":"",
    "className":"Simulink.Line",
    "icon":"LineIcon_icon"
   },
   {
    "sid":"plant_model_fbl:16#out:1;line",
    "rsid":"plant_model_fbl:16#out:1;line",
    "name":"Δfr",
    "label":"Δfr",
    "className":"Simulink.Line",
    "icon":"LineIcon_icon"
   },
   {
    "sid":"plant_model_fbl:22#out:1;line",
    "rsid":"plant_model_fbl:22#out:1;line",
    "name":"",
    "label":"",
    "className":"Simulink.Line",
    "icon":"LineIcon_icon"
   },
   {
    "sid":"plant_model_fbl:37#out:1;line",
    "rsid":"plant_model_fbl:37#out:1;line",
    "name":"",
    "label":"",
    "className":"Simulink.Line",
    "icon":"LineIcon_icon"
   },
   {
    "sid":"plant_model_fbl:39#out:1;line",
    "rsid":"plant_model_fbl:39#out:1;line",
    "name":"",
    "label":"",
    "className":"Simulink.Line",
    "icon":"LineIcon_icon"
   },
   {
    "sid":"plant_model_fbl:41#out:1;line",
    "rsid":"plant_model_fbl:41#out:1;line",
    "name":"",
    "label":"",
    "className":"Simulink.Line",
    "icon":"LineIcon_icon"
   }
  ],
  "sysViewURL":"support/slwebview_files/plant_model_fbl_d.json",
  "sameAsElement":false
 }
]